iter	Logloss	Logloss	Logloss	Accuracy	Accuracy	Accuracy
0	0.6664856653	0.6665754963	0.6664629419	0.7836022543	0.7817494017	0.7834349829
1	0.6434372493	0.6447884399	0.64475223	0.7836022543	0.7817494017	0.7834349829
2	0.6244785343	0.6259733183	0.6251621489	0.7836022543	0.7817494017	0.7834349829
3	0.6082494817	0.6090818193	0.6099223395	0.7836022543	0.7817494017	0.7834349829
