iter	Logloss	Accuracy
0	0.666687153	0.782675828
1	0.6448684852	0.7826822615
2	0.625205381	0.782675828
3	0.6100415401	0.782675828
6186
